配信日時	記事タイトル	合計PV数
2026/03/01(日) 06:29	3月のスタートは穏やかな晴天　春本番の陽気でスギ花粉大量飛散	2
2026/03/01(日) 11:18	明るい日ざしに包まれて春らしい陽気　花粉は大量飛散　あす以降西から崩れる	2
2026/03/01(日) 14:54	週明けは西から雨雲　火曜日は雨風冷たく寒さ戻る　皆既月食は九州を中心に観察チャンスあり	1
2026/03/01(日) 17:32	週明けは西から下り坂　気温ダウンで冷たい雨に　関東内陸で雪の可能性も	2
2026/03/02(月) 05:42	穏やかな晴天から一転西から雨エリア拡大　西日本・沖縄中心に傘の出番　関東も日差し少なく	3
2026/03/02(月) 11:18	2日（月）午後は西から雨　3日（火）は東日本で冷たい雨　東京は真冬の寒さに　体調管理に注意を	2
2026/03/02(月) 16:32	暖冬だったが気温変動大きく　1月は太平洋側で少雨傾向強まる　今冬の天候まとめ	30
2026/03/02(月) 16:51	南岸低気圧　関東甲信は4日（水）にかけて　山沿いや山地を中心に大雪のおそれ	3
2026/03/03(火) 05:45	きょう(火)の天気　広く雨や雪　関東は平地でも積雪のおそれ　気温上がらず極寒のひな祭り	4
2026/03/03(火) 11:17	3日（火）午後は広く冷たい雨や雪　関東の山沿い大雪のおそれ　東京都心は真冬の寒さ [トピックス]	10
2026/03/03(火) 16:53	関東甲信は4日（水）朝かけて　山沿いや山地を中心に大雪のおそれ　路面凍結など注意	2
2026/03/04(水) 11:14	関東以西は晴れるが　花粉が大量飛散　北日本の太平洋側は7日（木）にかけて大雪に注意	1
2026/03/05(木) 05:27	関東から西は晴れて気温上昇　太平洋側を中心に強い風に注意　関東などは北風冷たく	3
2026/03/05(木) 11:06	5日（木）午後　太平洋側は強風・乾燥・花粉に注意　6日（金）は西から雨に	3
2026/03/05(木) 14:36	関東から西　降水量が平年より少ない予想　再び少雨となる可能性も　気象庁1か月予報	5
2026/03/06(金) 05:17	きょう(金)の天気　西日本を中心に雨　前線通過で大気不安定に　短時間でも強雨や雷雨に注意	1
2026/03/06(金) 11:43	土曜日の関東　暖かいのは一時的　午後は冷たい北風　雨上がりの花粉大量飛散にも注意	1
2026/03/06(金) 15:54	週末の天気　北日本や北陸は大雪・暴風のおそれ　晴れる太平洋側も冷たい北風に　東京は土曜に18℃予想も暖かさは一時的	22
2026/03/07(土) 05:56	全国的に北風強まる　北日本は暴風に警戒　北海道は大雪やふぶきも　晴れる関東から西も北風冷たく　関東も午後は気温急降下	8
2026/03/07(土) 11:45	【土日の天気】北日本や北陸は暴風・高波に警戒　3月でも大雪やふぶきの所も　太平洋側は青空の週末だが北風ヒンヤリ　花粉の大量飛散も注意	30
2026/03/07(土) 14:51	さくら開花まで東京はあと10日予想　全国的にも平年より開花・満開は早い傾向	9
2026/03/07(土) 17:20	【8日(日)の天気】北海道で冬のような嵐　暴風・大雪・猛ふぶきに警戒　関東以西は晴れても前日より気温低下	6
2026/03/08(日) 05:54	8日(日)の天気　冬型の気圧配置で日本海側は雪や雨　晴れる太平洋側も北風冷たい一日に	3
2026/03/08(日) 11:30	寒の戻り　今週は冬の寒さ　来週は春本番の暖かさで桜の季節へ	33
2026/03/08(日) 14:32	強風に注意　今夜にかけても北風冷たく　今週は寒さ戻る　関東も冷たい雨や雪の日も	2
2026/03/08(日) 17:39	寒気流入　今週は全国的に寒の戻り　関東で雪の可能性も	2
2026/03/09(月) 05:32	9日（月）日中は広く晴れるも夕方以降は山陰～北陸は大気不安定に	1
2026/03/09(月) 11:08	今週は不安定な天気　気温も低めに　関東北部は10日（火）朝にかけて積雪のおそれも	1
2026/03/09(月) 14:33	四国と九州に「高温に関する早期天候情報」　来週は気温上昇	3
2026/03/10(火) 05:33	きょう(火)の天気　関東北部は路面凍結に注意　日中は晴れる所も気温上がらず　東京や大阪は真冬並みの寒さ	2
2026/03/10(火) 11:21	栃木県南部は昼過ぎまで大雪警戒　関東は12日（木）夕方～13日（金）に再び雪の可能性	5
2026/03/10(火) 14:05	ラニーニャ現象に近い状態は解消へ　夏にエルニーニョ現象発生の可能性の方がより高く　エルニーニョ監視速報	51
2026/03/11(水) 05:08	フィリピンの東で台風3号が発生	8
2026/03/11(水) 05:35	11日(水)の天気　冷え込み強まる朝　路面凍結などに注意　晴れる日中も体感気温はヒンヤリ	5
2026/03/11(水) 11:33	関東は13日（金）まで空気冷たい　週末は太平洋側で晴れて気温上昇	3
2026/03/12(木) 05:25	晴れて寒さ緩む　九州を中心に大気不安定　急な雨や雷雨に注意　北海道はふぶく所も	9
2026/03/12(木) 11:28	あす13日(金)にかけて寒気優勢　週末は春先の陽気戻り高知でさくら開花か	8
2026/03/12(木) 14:33	西日本・東日本～東北の太平洋側　少雨の状態が続く可能性あり　気象庁1か月予報	3
2026/03/12(木) 17:14	今週末にもさくら前線スタート　開花全国トップは高知15日(日)予想　来週は開花ラッシュに	14
2026/03/13(金) 05:32	きょう(金)の天気　寒の戻りで昼間も空気冷たく　雲が目立つ空模様　伊豆諸島は激しい雷雨に注意	18
2026/03/13(金) 11:37	関東は真冬並みも　気温上がらず寒い金曜日　夜はにわか雨も　伊豆諸島は大雨や高波に注意・警戒	61
2026/03/13(金) 15:53	寒の戻りから春の暖かさ定着へ　週末から気温上昇　まもなくさくら前線スタート	10
2026/03/14(土) 05:30	きょう(土)の天気　寒さ緩む　太平洋側は広く晴天も伊豆諸島は荒天　日本海側は雲が取れにくい	4
2026/03/14(土) 13:23	仙台に花粉光環が出現　東北でも花粉の飛散がピークに　念入りな対策を	44
2026/03/14(土) 15:20	3月でも紫外線対策を　晴れれば西～東日本でも強い予想　うっかり日焼けに要注意	10
2026/03/15(日) 06:23	太平洋側を中心にお出かけ日和　春らしい気温で桜のつぼみが膨らむ暖かさ	5
2026/03/15(日) 11:16	全国的に穏やかな天気　関東では夜に雨の所も　東北太平洋側では花粉大量飛散	1
2026/03/15(日) 14:30	週明けも晴れて春らしい暖かさ　今週はさくら開花ラッシュに　水～木曜日は西から雨雲広がる	1
2026/03/15(日) 17:34	週の半ばに雨降るも　春の暖かさ続く　各地で桜シーズン開始	4
2026/03/16(月) 10:36	さくら前線スタート　高知と岐阜で開花　高知の全国トップは3年連続	2
2026/03/16(月) 11:03	今週は各地で春らしい気温　晴天の日は空気乾燥と花粉の大量飛散に注意	1
2026/03/16(月) 14:33	北～西日本　来週にかけて季節の進み早まる　「高温に関する早期天候情報」	33
2026/03/17(火) 05:26	きょう(火)の天気　広く春の青空　さくらの花咲く暖かさに　夜遅くは関東でにわか雨の可能性	1
2026/03/17(火) 11:16	17日（火）午後も晴れる地域多いが　今夜以降は天気下り坂　18日（水）は西日本中心に雨	3
2026/03/17(火) 14:29	東日本の太平洋側～西日本　今後1か月程度　少雨の影響続く地域も	3
2026/03/17(火) 15:05	名古屋でさくら開花　平年より7日早く　過去最早1位タイ	1
2026/03/18(水) 05:41	18日(水)の天気　天気下り坂　関東から西はさくらの開花を促す春の雨　北日本と沖縄は日中の晴れ間を有効に	2
2026/03/18(水) 11:23	雨エリア広がるも気温高め　19日（木）の東京は21℃予想　4月下旬並み	19
2026/03/19(木) 14:10	東京でさくら開花　平年より5日早く　満開は3月25日（水）予想	2
2026/03/19(木) 14:31	全国的に高温　関東～西日本は少雨の影響残る可能性　1か月予報	4
2026/03/20(金) 05:20	きょう(金)の天気　3連休初日は広く晴れるも関東は雲が主役　北陸以北の日本海側は夜から雨や雪に	3
2026/03/20(金) 11:18	関東は午後も曇りや雨　気温上がらず真冬並みの所も　さくら開花の東京も花冷え	106
2026/03/20(金) 14:28	週末の天気　土曜は広く晴天で行楽・お花見日和　関東の寒さも解消へ　日曜は西日本の天気下り坂	2
2026/03/21(土) 05:31	広い範囲で晴れ　関東も寒さ解消　4月上旬並みの暖かさに　一日の気温差に注意　北海道は猛ふぶきに警戒	11
2026/03/21(土) 11:19	3連休中日は広範囲で青空　お出かけは紫外線・花粉対策を　連休最終日は西日本で雨具の出番に	7
2026/03/21(土) 14:59	3連休最終日からは菜種梅雨へ突入　向こう1か月の降水量は平年並みか多い予想に	88
2026/03/21(土) 17:31	3連休最終日の22日(日)　近畿～北海道で日ざしが暖かく行楽日和　西からゆっくり天気は下り坂へ	2
2026/03/22(日) 06:18	22日(日)3連休最終日　西日本は天気下り坂　東・北日本は春の行楽日和　桜咲き進む暖かさに	5
2026/03/22(日) 11:13	連休最終日は西から雨　来週はさくら開花ラッシュも花見日和は限られる	8
2026/03/22(日) 14:45	夜は九州で雨脚強まる所も　週明けは東日本も雨に　天気は短い周期で変化　花に雨も	3
2026/03/22(日) 17:35	週明け23日(月)　東～北日本で雨の所も　全国的に気温上昇　朝と昼の寒暖差に注意	75
2026/03/23(月) 05:33	23日（月）西日本は日中は天気回復へ　東・北日本は大気不安定	10
2026/03/23(月) 11:08	今週は天気の変化早い　24日（火）は全国的に晴れるが　25日（水）は再び広く雨に	13
2026/03/23(月) 14:36	北日本に「高温に関する早期天候情報」　農作物の管理等に注意を	5
2026/03/24(火) 05:27	きょう(火)の天気　広く今週一番の晴天　さくら映えの青空と開花進める暖かさ　沖縄は曇りや雨	10
2026/03/24(火) 14:44	全国的に高温　東・西日本の降水量は平年並みか多い予想　南から湿った空気流れ込みやすく　気象庁3か月予報	54
2026/03/24(火) 15:59	甲府　全国で最も早くさくらが満開に　平年より9日早く	6
2026/03/25(水) 05:45	25日(水)の天気　傘の開花前線が東進　西・東日本で雨の範囲広がる　北日本は晴れて日差し暖か	19
2026/03/25(水) 11:15	25日（水）午後は関東も雨に　週後半も落ち着かない天気　気温は全国的に高め	8
2026/03/26(木) 11:28	関東は花に雨　27日（金）は夜桜に再び雨か　週末は全国的に暖かな晴れ	14
2026/03/26(木) 14:49	全国的に気温高い　関東～西日本は曇りや雨の日多く　気象庁1か月予報	164
2026/03/27(金) 05:23	きょう(金)の天気　広く晴れて日差し暖か　夜は関東など一部で雨　夜桜見物には折り畳み傘を	26
2026/03/27(金) 11:06	関東は天気急変に注意　夕方以降は所々で雨　夜桜見物には雨具を	44
2026/03/27(金) 15:09	土日の天気　関東以西は花盛りの週末　ポカポカなお花見日和に　関東の雨は局地的　気温高く5月並みも	51
2026/03/28(土) 05:47	きょう(土)の天気　広く晴れて行楽日和・お花見日和　東海以西は20℃超え続出の暖かさ　関東の雨は局地的	50
2026/03/28(土) 11:48	3月最後の週末　さくらが喜ぶ暖かさ　東海から西で今年一番の暖かさ続出	27
2026/03/28(土) 14:33	各地で今年一番の暖かさ　あす(日)もポカポカお花見日和　でも夜は雨エリアあり [トピックス]	161
2026/03/28(土) 17:28	週明けは各地で雨　九州など大雨のおそれ　雨でも暖かさ続く	693
2026/03/29(日) 06:53	お花見日和　春本番の暖かさでさくら満開ラッシュか　東京22℃予想でGW頃の陽気に	196
2026/03/29(日) 11:38	西〜東日本で広く20℃超えのお花見日和　局地的な雷雨も　お出かけには折り畳み傘がおすすめ	90
2026/03/29(日) 15:00	気温上昇　名古屋で23.5℃　初夏の陽気も　北陸でもさくら開花　週明けは西から雨雲広がる　火曜日は雨風強まる所も	258
2026/03/29(日) 17:41	新年度スタート週　雨のタイミング3回あり　大雨・暴風など荒れる地域も	749
2026/03/30(月) 05:14	今週前半は荒れた天気のおそれ　西日本で落雷や突風、強雨に注意	41
2026/03/30(月) 05:45	西から荒天エリア拡大　北陸から西で今年一番の暖かさ・季節外れの夏日も　列島はあす(火)をピークに春の嵐に	128
2026/03/30(月) 11:05	東・西日本は広く20℃超　天気は西から下り坂　31日（火）の関東は南風強まる	27
2026/03/30(月) 14:43	全国に「高温に関する早期天候情報」　季節先取りの暖かさが長期化か	829
2026/03/30(月) 17:08	西日本は31日（火）にかけて　急な強い雨・落雷・竜巻などの激しい突風に注意	94
2026/03/31(火) 05:47	大気不安定　西日本・南西諸島は強い雨や落雷、竜巻などの激しい突風に注意	156
2026/03/31(火) 06:05	年度末は雨・風強い「花嵐」に　大気不安定で強雨や雷雨に注意　気温は高く夏日予想も	154
2026/03/31(火) 11:14	31日（火）午後も風強く　西日本は夏日の所も　1日（水）は西から再び雨に	253
2026/04/01(水) 16:48	3月天候まとめ　春は急ぎ足で進行中　桜前線の北上も早まる　4月は新緑濡らす雨多く	2220
2026/04/01(水) 17:25	新年度スタート　今週末にかけてさくら満開ラッシュ　入学式・入園式は広範囲でさくら見頃に	1728
2026/04/02(木) 16:53	4月なのに夏日続出か　まるで夏のような日も　半袖の準備は早めに　東・西日本は大雨への備えも	13921
2026/04/02(木) 17:48	花粉は減っているのに、なぜか症状が続く人の共通点	78240
2026/04/03(金) 16:20	4月の野菜　春の暖かさと雨が好影響　比較的お買い得に　じゃがいもや玉ねぎは高値続く	4016
2026/04/03(金) 16:41	花と星を楽しむ4月夜景　まるで桜の発光「花明かり」　夜空には親子グマ	7203
2026/04/04(土) 14:55	春の嵐のち黄砂飛来か　5日(日)～7日(火)は西日本中心に黄砂と花粉のWパンチに注意	18084
2026/04/04(土) 16:57	お茶の霜害　高温予想も油断できない理由	3402
2026/04/04(土) 17:35	さくら前線北上中　東京はさくら吹雪が楽しめるステージへ　舞い散るさくらが新入生をお祝い	6205
2026/04/05(日) 15:27	【来週の天気】入学式は「季節外れの暑さ」　来週は2回の大雨に注意 [トピックス]	207754
2026/04/05(日) 16:34	イラストでわかる 二十四節気『清明』／七十二候『玄鳥至』	4146
2026/04/05(日) 17:20	6日(月)は季節外れの暑さに　福岡・名古屋・東京は25℃と夏日予想	4087
2026/04/05(日) 18:36	春の富士山xサクラエビの『ピンクの絨毯』が見られる条件とは？	4545
2026/04/06(月) 16:15	開花から満開まであっという間　東北のさくらのベストなお花見タイミングは？	5229
2026/04/06(月) 16:44	今週は春加速で初夏の陽気も　週後半は北海道でも15℃超え　週末は東京などで夏日予想	9840
2026/04/06(月) 16:54	衣替えはさくらシーズン終わりが目安　今週は春服に完全シフト　夏服の準備も	3264
2026/04/06(月) 17:05	あす7日(火)の天気　まとまった雨雲が列島を通過　南西諸島・九州南部・伊豆諸島で大雨のおそれ　東・北日本は断続的に雨	5052
2026/04/07(火) 16:08	春に眠くなるのはなぜ？　いま注目の「睡眠障害」と季節の関係	44773
2026/04/07(火) 16:31	春は極端な日較差・乾燥が現れやすい季節　天気が良くても体調管理に注意	1851
2026/04/07(火) 17:06	8日（水）は今週で一番晴れる日　霜・日較差・乾燥に注意　週後半は北日本中心に荒れ模様	2757
2026/04/08(水) 16:25	「馬耳東風」でいられない春の強風　これから5月にかけても　急発達する低気圧に注意が必要	2837
2026/04/08(水) 16:25	桜の次は『地面』に注目！日本列島を北上中の『タケノコ前線』	1672
2026/04/08(水) 17:45	9日（木）天気は西から下り坂　10日（金）は広く荒れ模様　週末は関東周辺で時季外れの高温に	7158
2026/04/09(木) 11:20	紫外線との戦いは4月から　昼前後はすでに「強い」レベル　曇りの日も晴天時の6割の強さ	2118
2026/04/09(木) 16:09	10日(金)で瀬戸大橋は開通38周年　建設のきっかけは濃霧による海難事故　行楽シーズンでも濃霧に注意	5226
2026/04/09(木) 16:55	10日（金）は大気不安定　全国的に雨風強まり「春の嵐」に　落雷や竜巻などの激しい突風に注意	4114
2026/04/10(金) 16:24	桜の次は何を見る？ ‘秋の主役’が花盛りへ	4216
2026/04/10(金) 16:49	列島は春の嵐　関東は帰宅時間帯がピークに　北日本は週末も荒天が続く	3270
2026/04/10(金) 17:39	春の嵐のあとは黄砂飛来・季節外れの夏日続出へ　東京も今年初めての夏日か	3484
2026/04/11(土) 11:04	東京都心で25.3℃を観測　今年初の夏日に　急な暑さによる熱中症に注意 [トピックス]	67721
2026/04/11(土) 11:32	【土日の天気】4月なのに30℃近い暑さ予想　週末は熱中症・紫外線・花粉・黄砂対策を	5957
2026/04/11(土) 13:00	【速報】静岡で30.0℃を観測　本州で今年初めての真夏日に	3825
2026/04/11(土) 16:29	この雲が出たら頭痛に要注意　天気痛の予兆となる雲3選	5454
2026/04/11(土) 17:07	台風4号は次第に非常に強い勢力へ　グアムを直撃したのち日本付近へ北上か	21065
2026/04/11(土) 17:28	雁（がん）と虹が告げる春　イラストでわかる七十二候『鴻雁北』『虹始見』	837
2026/04/12(日) 15:09	【来週の天気】雨多く気温は高め　週末は台風4号が小笠原諸島へ	15085
2026/04/12(日) 17:42	GがGWを境に本格化しやすい「増える前に駆除を」	2610
2026/04/12(日) 17:46	台風4号は来週末に小笠原諸島へと北上か　今後の動向に注意	6239
2026/04/13(月) 16:16	今週の天気　春に三日の晴れなし　週中頃は広く雨　西日本は週末に再び天気崩れる	25623
2026/04/13(月) 16:45	大型で猛烈な台風4号　勢力維持して火曜日にグアムなどに最接近　週末は小笠原諸島に影響も	7852
2026/04/13(月) 17:03	新生活の疲れ　「春の5K」で体に影響が大きいのはどれ？	8643
2026/04/14(火) 16:15	「朝キジが鳴くと…」どうなる？　天気との関係は　意外と知らないその生態	10569
2026/04/14(火) 17:30	15日（水）は西・東日本で雨　週末にかけても気温高い　19日（日）は内陸で25℃以上	4021
2026/04/14(火) 17:45	広範囲で「台風並みの暴風」なぜ起きる？　イラストでわかる「春の嵐」	1903
2026/04/15(水) 16:09	まだまだ楽しめる東北の雪　「日本一長い雪の回廊」が15日(水)に開通	13379
2026/04/15(水) 16:26	「環水平アーク」シーズン入りも　それほど頻繁には見られない現象　正午前後の空に注目	6588
2026/04/15(水) 17:14	15日（水）夜は東日本や東北で雨　16日（木）は各地で天気回復　関東から西はしばらく気温高い	2807
2026/04/16(木) 16:11	春でも強い紫外線　対策はいつから始めればいい？　登山者は先手を打つべき	1676
2026/04/16(木) 16:23	週末の天気　日曜日は夏日ラッシュに　北日本でも25℃予想　暑さに慣れていない時季　春でも熱中症に注意	5368
2026/04/16(木) 16:36	【1か月予報】　変わらぬ高温傾向　半袖の準備と熱中症対策は今すぐに　東・西日本の太平洋側は晴れの日少ない [トピックス]	71949
2026/04/17(金) 12:20	40℃以上の暑さの名称「酷暑日」に決定　顕著な高温への注意喚起を後押し	1036
2026/04/17(金) 16:00	春のキャンプ・登山で要注意！大雨災害リスクも高める山火事シーズン	2741
2026/04/17(金) 16:35	冷やし中華始まってます　今年も季節前倒し　来週前半にかけては夏日続出・連続夏日も	2486
2026/04/17(金) 17:33	暑さ前倒しで4月なのに夏日ラッシュ　日曜日は東北でも25℃予想　春ならではの注意点とは	1625
2026/04/17(金) 17:56	【週末の天気】19日(日)を中心にお出かけ日和・夏日続出　暑さ・紫外線対策を	1548
2026/04/18(土) 13:03	【土日の天気】北海道や九州で雨や雷雨　太平洋側はうねりを伴う高波注意	3592
2026/04/18(土) 16:52	さくら開花前線は北海道に　19日(日)は東北でも「夏日予想」　週明けは黄砂飛来か	3343
2026/04/18(土) 17:39	低い山でも油断禁物　道迷い・転倒・滑落に注意　イラストでわかる山の遭難	1605
2026/04/19(日) 16:26	【来週の天気】強風・黄砂・大雨　来週は荒れた天気に要注意	20412
2026/04/19(日) 16:59	きょう(日)は山梨で29℃　東北でも夏日　20日(月)は日本海側で気温大幅に上昇	2625
2026/04/19(日) 17:40	穀物を育てる恵みの雨　イラストでわかる 二十四節気『穀雨』／七十二候『葭始生』	2497
2026/04/20(月) 16:22	入浴やウォーキングで熱中症予防？　「酷暑日」を乗り超えるために今すべきこと	3847
2026/04/20(月) 16:38	【今週の天気】晴天は長続きせず　21日(火)～22日(水)は広く黄砂飛来も　週後半は西・東日本で大雨のおそれ	8813
2026/04/20(月) 16:57	4月は黄砂のピーク月　21日(火)～22日(水)は広範囲に飛来のおそれ　洗濯物などへの付着や交通障害に注意	31449
2026/04/21(火) 16:11	途切れた観測　かつては藤（フジ）の開花日も　過去との比較が難しく	5865
2026/04/21(火) 16:17	【気象病】雨の日の頭痛　1日2分でできる「頭痛体操」	39640
2026/04/21(火) 16:28	4月22日はアースデイ　温暖化から地球を守るために食卓でできる対策とは？	5648
2026/04/21(火) 17:20	22日（水）は西から天気下り坂　ゴールデンウィーク中も　天気は周期的に変わる流れに	2326
2026/04/22(水) 16:05	4月こと座流星群がピーク　23日(木)0時〜3時がベストタイミング　北陸・北日本中心に好条件	5303
2026/04/22(水) 16:35	春の水辺に現れる　糸のように細いブルーのトンボ　温暖化の進行を反映か	4805
2026/04/22(水) 17:32	23日（木）は広く雨　太平洋側で激しく降る所も　関東も帰宅時間帯は本降りの雨に	5620
2026/04/23(木) 16:24	ゴールデンウィーク前に体調を整えるコツ　睡眠の質を高める「汗習慣」とは	2385
2026/04/23(木) 16:47	週末の天気　土曜は晴れて行楽日和　紫外線と一日の寒暖差に注意　日曜は西日本で雨雲拡大　北日本は6月並みの暖かさ	4664
2026/04/23(木) 17:35	【ゴールデンウィーク】　東日本～沖縄は天気安定せず　雨が続く所も　北日本は晴れる日多い	10910